{
    "name": "appmixer.jira",
    "version": "1.0.5",
    "changelog": {
        "1.0.0": [
            "Initial version"
        ],
        "1.0.2": [
            "IssueMetadata fix"
        ],
        "1.0.3": [
            "Updated links to JIRA documentation to open in new tab."
        ],
        "1.0.4": [
            "Fixed issue with JIRA API scopes when obtaining labels."
        ],
        "1.0.5": [
            "Fixed issue with JIRA API scopes when obtaining reporters."
        ]
    }
}
